{"current":{"color_text":"#162950","color_body_text":"#757575","color_sale_text":"#ff574f","color_borders":"#e4e4e4","color_button":"#000308","color_button_text":"#ffffff","color_small_button":"#eaeaea","color_small_button_text":"#162950","color_text_field":"#ffffff","color_text_field_text":"#162950","color_image_overlay_text":"#ffffff","color_image_overlay":"#3d3d3d","image_overlay_opacity":30,"color_body_bg":"#f8f8f8","type_header_family":"Google_Muli_600_sans","type_header_base_size":"26px","type_base_family":"Google_Muli_600_sans","type_base_size":"18px","type_bold_product_titles":true,"share_image":"shopify:\/\/shop_images\/Liberations_77577919-53c1-4396-a4c8-42d6a6634981.jpg","share_facebook":true,"share_twitter":true,"share_pinterest":true,"social_twitter_link":"","social_facebook_link":"","social_pinterest_link":"","social_instagram_link":"","social_tumblr_link":"","social_snapchat_link":"","social_youtube_link":"","social_vimeo_link":"","favicon":"shopify:\/\/shop_images\/Liberations.png","checkout_header_image":"","checkout_logo_image":"shopify:\/\/shop_images\/Liberations_77577919-53c1-4396-a4c8-42d6a6634981.jpg","checkout_logo_position":"left","checkout_logo_size":"small","checkout_body_background_image":"","checkout_body_background_color":"#ffffff","checkout_input_background_color_mode":"white","checkout_sidebar_background_image":"","checkout_sidebar_background_color":"#e8f3f6","checkout_heading_font":"Roboto","checkout_body_font":"Source Sans Pro","checkout_accent_color":"#1990c6","checkout_button_color":"#23314e","checkout_error_color":"#ff6d6d","sections":{"header":{"type":"header","settings":{"align_logo":"left","logo":"shopify:\/\/shop_images\/Liberations_824599b5-79e4-4251-af1b-c0fd82d25cf9.png","logo_max_width":"230","main_linklist":"main-menu","message":false,"home_page_only":false,"message_text":"","color_bg":"#000000","color_text":"#ffffff"}},"slideshow":{"type":"slideshow","blocks":{"slideshow-0":{"type":"image","settings":{"image":"shopify:\/\/shop_images\/In_the_enwe_only_regret1.png","alignment":"center","title":"","subheading":""}},"1cec01ae-b3aa-4c02-86aa-6049ee0746e9":{"type":"image","settings":{"image":"shopify:\/\/shop_images\/home_image.png","alignment":"bottom","title":"","subheading":""}},"8ebf30c5-40b9-4569-b824-eb05ba5ceb9b":{"type":"image","settings":{"image":"shopify:\/\/shop_images\/a9239b1768e04f53bf1dae5dd584b082.jpg","alignment":"center","title":"","subheading":""}},"33486b07-39c0-4ecd-ba6f-9eb579df0a3e":{"type":"image","settings":{"image":"shopify:\/\/shop_images\/Canvas_Mockup_cosmic_n.jpg","alignment":"top","title":"","subheading":""}}},"block_order":["slideshow-0","1cec01ae-b3aa-4c02-86aa-6049ee0746e9","8ebf30c5-40b9-4569-b824-eb05ba5ceb9b","33486b07-39c0-4ecd-ba6f-9eb579df0a3e"],"settings":{"autoplay":true,"autoplay_speed":"5000","slideshow_height":"medium","text_size":"large"}},"footer":{"type":"footer","settings":{"footer_linklist":"main-menu","footer_linklist_two":"footer","footer_newsletter_enable":true,"show_payment_icons":true}},"1531032432106":{"type":"rich-text","settings":{"full_width":true,"section_title":"Spreading Inspiration  by Fostering Creativity.","text":"<p><\/p><p><\/p><p><em><strong> <br\/>&quot;Created by Artists to Empower Creatives.<\/strong><\/em><\/p><p><em><strong> Explore Art collections, and inspiring creativity from Artists around the world. <\/strong><\/em><\/p><p><strong>Follow their story &amp;  become an Art Liberator today  <\/strong><\/p>","text_size":"large"}},"1531033252131":{"type":"collection-list","blocks":{"1531033252131-0":{"type":"featured_collection","settings":{"collection":"yusuph"}},"1549384590608":{"type":"featured_collection","settings":{"collection":"devon-gandy"}},"1531033252131-1":{"type":"featured_collection","settings":{"collection":"amber-mcneel"}},"1541617491088":{"type":"featured_collection","settings":{"collection":"paul-lukin"}},"1541617433158":{"type":"featured_collection","settings":{"collection":"jonny-andreas"}},"1547259842596":{"type":"featured_collection","settings":{"collection":"connie-lim"}},"1541614238059":{"type":"featured_collection","settings":{"collection":"masters-prints"}}},"block_order":["1531033252131-0","1549384590608","1531033252131-1","1541617491088","1541617433158","1547259842596","1541614238059"],"settings":{"title":"Artist  Collections","grid":3}},"collection-template":{"type":"collection-template","settings":{"layout":"grid","grid":"2","rows":"8","show_collection_image":true,"show_vendor":false,"sort_enable":false,"tags_enable":false}},"list-collections-template":{"type":"list-collections-template","blocks":{"1534038196081":{"type":"collection","settings":{"collection":"joe-ulomi"}},"1534038206966":{"type":"collection","settings":{"collection":""}}},"block_order":["1534038196081","1534038206966"],"settings":{"display_type":"selected","sort":"alphabetical","grid":"2"}},"1541617564219":{"type":"collection-list","blocks":{"1541640163757":{"type":"featured_collection","settings":{"collection":"cliff-barden"}},"1541617564219-1":{"type":"featured_collection","settings":{"collection":"adam-roberts"}},"1541640155408":{"type":"featured_collection","settings":{"collection":"clara-niniewski"}},"1541617564219-0":{"type":"featured_collection","settings":{"collection":"shin-hanga"}},"1541640068796":{"type":"featured_collection","settings":{"collection":"benjamin-knapp"}},"1541640091733":{"type":"featured_collection","settings":{"collection":"cathy-tabbakh"}},"1541640121264":{"type":"featured_collection","settings":{"collection":"chris-loader"}},"1541640131808":{"type":"featured_collection","settings":{"collection":"christopher-morris"}}},"block_order":["1541640163757","1541617564219-1","1541640155408","1541617564219-0","1541640068796","1541640091733","1541640121264","1541640131808"],"settings":{"title":"","grid":4}},"1541640181258":{"type":"collection-list","blocks":{"1541640322796":{"type":"featured_collection","settings":{"collection":"filipe-alcada"}},"1541640271791":{"type":"featured_collection","settings":{"collection":"elena-chaykina"}},"1541640301409":{"type":"featured_collection","settings":{"collection":"estampe-co"}},"1541640352927":{"type":"featured_collection","settings":{"collection":"james-maberly"}},"1541640364556":{"type":"featured_collection","settings":{"collection":"jamie-wignall"}},"1541640386092":{"type":"featured_collection","settings":{"collection":"john-olley"}},"1541640412415":{"type":"featured_collection","settings":{"collection":"lola-awada"}}},"block_order":["1541640322796","1541640271791","1541640301409","1541640352927","1541640364556","1541640386092","1541640412415"],"settings":{"title":"","grid":4}},"1541640527802":{"type":"collection-list","blocks":{"1541640527802-1":{"type":"featured_collection","settings":{"collection":"marius-els"}},"1541640542329":{"type":"featured_collection","settings":{"collection":"max-ellis"}},"1541640543512":{"type":"featured_collection","settings":{"collection":"mohamed-hassan"}},"1541640527802-2":{"type":"featured_collection","settings":{"collection":"mark-cornick"}},"1541640544549":{"type":"featured_collection","settings":{"collection":"nicola-gastaldi"}},"1541640527802-0":{"type":"featured_collection","settings":{"collection":"lydia-corry"}},"1541640547849":{"type":"featured_collection","settings":{"collection":"peter-paterson"}},"1541640539773":{"type":"featured_collection","settings":{"collection":"matt-phillips"}},"1541640546645":{"type":"featured_collection","settings":{"collection":"peter-dearsley"}},"1541640548762":{"type":"featured_collection","settings":{"collection":"richard-bailey"}}},"block_order":["1541640527802-1","1541640542329","1541640543512","1541640527802-2","1541640544549","1541640527802-0","1541640547849","1541640539773","1541640546645","1541640548762"],"settings":{"title":"","grid":4}},"product-template":{"type":"product-template","settings":{"image_size":"large","show_quantity_selector":true,"show_variant_labels":true,"show_vendor":false,"enable_zoom":true,"show_share_buttons":true}},"1541641052406":{"type":"collection","settings":{"title":"Featured collection","collection":"art-2-0-plan","grid":2,"rows":1,"show_vendor":false,"show_view_all":false}},"my-custom-collections":{"type":"my-custom-collections","blocks":{"67916af9-a659-4d8b-a6ba-5a361aed122f":{"type":"collection","settings":{"collection":"yusuph","width":"66%"}}},"block_order":["67916af9-a659-4d8b-a6ba-5a361aed122f"],"settings":{"title":"Featured collection"}},"cart-template":{"type":"cart-template","settings":{"cart_notes_enable":false}}},"content_for_index":["slideshow","1531032432106","1531033252131","1541617564219","1541640181258","1541640527802","1541641052406"]},"presets":{"Default":{"color_text":"#3d4246","color_body_text":"#788188","color_sale_text":"#7796A8","color_borders":"#e8e9eb","color_button":"#7796A8","color_button_text":"#fff","color_small_button":"#fff","color_small_button_text":"#3d4246","color_text_field":"#fff","color_text_field_text":"#000","color_image_overlay_text":"#fff","color_image_overlay":"#3d4246","image_overlay_opacity":25,"color_body_bg":"#fff","type_header_family":"Google_Work+Sans_600_sans","type_header_base_size":"26px","type_base_family":"Google_Work+Sans_400_sans","type_base_size":"16px","type_bold_product_titles":false,"share_facebook":true,"share_twitter":true,"share_pinterest":true,"sections":{"header":{"type":"header","settings":{}},"hero":{"type":"hero","settings":{"text_size":"large"}},"slideshow":{"type":"slideshow","blocks":{"slideshow-0":{"type":"image","settings":{}},"slideshow-1":{"type":"image","settings":{}}},"block_order":["slideshow-0","slideshow-1"],"settings":{}},"featured-collections":{"type":"collection","settings":{"collection":"frontpage"}},"feature-row":{"type":"feature-row","settings":{}},"footer":{"type":"footer","settings":{"footer_linklist_two":""}}},"content_for_index":["hero","featured-collections","feature-row","slideshow"]},"Light":{"color_text":"#162950","color_body_text":"#757575","color_sale_text":"#ff574f","color_borders":"#e4e4e4","color_button":"#ff574f","color_button_text":"#ffffff","color_small_button":"#eaeaea","color_small_button_text":"#162950","color_text_field":"#ffffff","color_text_field_text":"#162950","color_image_overlay_text":"#ffffff","color_image_overlay":"#3d3d3d","image_overlay_opacity":30,"color_body_bg":"#f8f8f8","type_header_family":"Google_Muli_600_sans","type_header_base_size":"26px","type_base_family":"Google_Muli_600_sans","type_base_size":"18px","type_bold_product_titles":true,"share_facebook":true,"share_twitter":true,"share_pinterest":true,"social_twitter_link":"","social_facebook_link":"","social_pinterest_link":"","social_instagram_link":"","social_tumblr_link":"","social_snapchat_link":"","social_youtube_link":"","social_vimeo_link":"","favicon":"","checkout_header_image":"","checkout_logo_image":"","checkout_logo_position":"left","checkout_logo_size":"small","checkout_body_background_image":"","checkout_body_background_color":"#ffffff","checkout_input_background_color_mode":"white","checkout_sidebar_background_image":"","checkout_sidebar_background_color":"#e8f3f6","checkout_heading_font":"Roboto","checkout_body_font":"Source Sans Pro","checkout_accent_color":"#1990c6","checkout_button_color":"#23314e","checkout_error_color":"#ff6d6d","sections":{"header":{"type":"header","settings":{"align_logo":"left","logo":"","logo_max_width":"135","main_linklist":"main-menu","message":true,"color_bg":"#162950","color_text":"#ffffff"}},"hero":{"type":"hero","settings":{"alignment":"center","hero_size":"x-large","text_size":"large"}},"slideshow":{"type":"slideshow","blocks":{"slideshow-0":{"type":"image","settings":{"image":"","alignment":"center"}},"1492095993817":{"type":"image","settings":{"image":"","alignment":"center"}}},"block_order":["slideshow-0","1492095993817"],"settings":{"autoplay":true,"autoplay_speed":"6000","slideshow_height":"medium","text_size":"medium"}},"featured-collections":{"type":"collection","settings":{"grid":3,"rows":1,"show_vendor":true,"show_view_all":true}},"footer":{"type":"footer","settings":{"footer_linklist":"main-menu","footer_linklist_two":"footer","footer_newsletter_enable":true,"show_payment_icons":true}},"product-template":{"type":"product-template","settings":{"image_size":"medium","show_quantity_selector":false,"show_variant_labels":true,"show_vendor":false,"enable_zoom":true,"show_share_buttons":true}},"collection-template":{"type":"collection-template","settings":{"layout":"grid","grid":"2","rows":"2","show_collection_image":true,"show_vendor":false,"sort_enable":true,"tags_enable":true}},"1492033809691":{"type":"map","settings":{}},"1492033877875":{"type":"quotes","blocks":{"1492033877875-0":{"type":"quote","settings":{}}},"block_order":["1492033877875-0"],"settings":{}},"1492033924902":{"type":"custom-content","blocks":{"1492033924902-0":{"type":"text","settings":{"width":"100%","alignment":"center","align_text":"center"}}},"block_order":["1492033924902-0"],"settings":{"title":""}},"1492096252560":{"type":"collection-list","blocks":{"1492096252560-0":{"type":"featured_collection","settings":{}},"1492096252560-1":{"type":"featured_collection","settings":{}},"1492096252560-2":{"type":"featured_collection","settings":{}}},"block_order":["1492096252560-0","1492096252560-1","1492096252560-2"],"settings":{"grid":3}},"blog-template":{"type":"blog-template","settings":{"layout":"grid","blog_show_author":true,"blog_show_date":false}},"article-template":{"type":"article-template","settings":{"blog_show_author":true,"blog_show_date":true,"show_share_buttons":true}},"cart-template":{"type":"cart-template","settings":{"cart_notes_enable":false}}},"content_for_index":["hero","featured-collections","slideshow","1492033924902","1492096252560","1492033877875","1492033809691"]}}}